-- INTRODUCCION DE LOS DATOS EN LA BASE DE DATOS 'AEC3'

-- Introduccion de datos en la tabla OPERARIO

INSERT INTO OPERARIO (DNI,NOMBRE,CARGO,SUELDO,FECHA_DE_NACIMIENTO,FECHA_DE_INCORPORACION) 
	VALUES ('74359908B', 'PEDRO ABEL DIAZ SANCHEZ', 'DIRECTOR', 4500, '1987-01-08', '2012-09-01');
INSERT INTO OPERARIO (DNI,NOMBRE,CARGO,SUELDO,FECHA_DE_NACIMIENTO,FECHA_DE_INCORPORACION) 
	VALUES ('11111111A', 'ANTONIO GARCIA GARCIA', 'MARKETING', 2500, '1991-01-08', '2014-09-01');
INSERT INTO OPERARIO (DNI,NOMBRE,CARGO,SUELDO,FECHA_DE_NACIMIENTO,FECHA_DE_INCORPORACION) 
	VALUES ('22222222C', 'LAURA MIRO PICO', 'DIRECTORA', 3500,'1987-11-18', '2012-12-01');
INSERT INTO OPERARIO (DNI,NOMBRE,CARGO,SUELDO,FECHA_DE_NACIMIENTO,FECHA_DE_INCORPORACION) 
	VALUES ('33333333D', 'JOSE PEREZ PEREZ', 'AUXILIAR DE MANTENIMIENTO', 1500,'1990-01-24', '2015-09-01');
INSERT INTO OPERARIO (DNI,NOMBRE,CARGO,SUELDO,FECHA_DE_NACIMIENTO,FECHA_DE_INCORPORACION) 
	VALUES ('44444444E', 'MARIA SANCHEZ ROCA', 'MANTENIMIENTO', 2500,'1989-08-10', '2013-09-11');
INSERT INTO OPERARIO (DNI,NOMBRE,CARGO,SUELDO,FECHA_DE_NACIMIENTO,FECHA_DE_INCORPORACION) 
	VALUES ('55555555F', 'JOSE ANTONIO MARTINEZ GARCIA', 'DIRECTOR',3800, '1999-01-24', '2012-09-01');
INSERT INTO OPERARIO (DNI,NOMBRE,CARGO,SUELDO,FECHA_DE_NACIMIENTO,FECHA_DE_INCORPORACION) 
	VALUES ('66666666G', 'MIREIA FUENTES UTOR', 'CUIDADOR', 2000, '1984-01-24', '2014-10-01');
INSERT INTO OPERARIO (DNI,NOMBRE,CARGO,SUELDO,FECHA_DE_NACIMIENTO,FECHA_DE_INCORPORACION) 
	VALUES ('77777777G', 'ALFONSO GARCIA FUERTES', 'CUIDADOR', 2000, '1984-01-24', '2014-10-01');

-- Introduccion de los datos en la tabla PARQUE_NATURAL

INSERT INTO PARQUE_NATURAL VALUES ('PARQUE NUEVO CAZORLA', 'ESPAÑA', 3500.80, 'SI', '74359908B');
INSERT INTO PARQUE_NATURAL VALUES ('VOLCAN ARENAL-CR', 'COSTA RICA', 15500.80, 'NO', '55555555F');
INSERT INTO PARQUE_NATURAL VALUES ('YOSEMITE', 'EEUU', 155500.80, 'NO', '22222222C');
INSERT INTO PARQUE_NATURAL VALUES ('SERENGUETI', 'EEUU', 155500.80, 'SI', '22222222C');
INSERT INTO PARQUE_NATURAL VALUES ('SIERRA LA NUEVA', 'ESPAÑA', 55500.80, 'SI', '74359908B');
INSERT INTO PARQUE_NATURAL VALUES ('MADRID SALVAJE', 'ESPAÑA', 385500.80, 'SI', '74359908B');
INSERT INTO PARQUE_NATURAL VALUES ('MACHUPICHU WORLD', 'COSTA RICA', 23000.80, 'SI', '55555555F');
INSERT INTO PARQUE_NATURAL VALUES ('WILD TANZANIA', 'TANZANIA', 23000.80, 'SI', '55555555F');
INSERT INTO PARQUE_NATURAL VALUES ('COASTS OF TANZANIA', 'TANZANIA', 23000.80, 'NO', '74359908B');

/*
	RESOLUCION DEL CONFLICTO QUE SE NOS PRESENTABA EN LA TABLA OPERARIO CON LA FK Nombre_ParqueNatural_Adscrito(FK)
    1) INTRODUCIMOS LA TABLA OPERARIO PARCIALMENTE (hecho)
    2) AÑADIMOS LOS VALORES QUE NOS FALTABAN CON EL COMANDO UPDATE
*/

UPDATE OPERARIO SET `Nombre_ParqueNatural_Adscrito` = 'PARQUE NUEVO CAZORLA'
	WHERE OPERARIO.`DNI` = '74359908B';
UPDATE OPERARIO SET `Nombre_ParqueNatural_Adscrito` = 'VOLCAN ARENAL-CR'
	WHERE OPERARIO.`DNI` = '11111111A';
UPDATE OPERARIO SET `Nombre_ParqueNatural_Adscrito` = 'YOSEMITE'
	WHERE OPERARIO.`DNI` = '22222222C';
 UPDATE OPERARIO SET `Nombre_ParqueNatural_Adscrito` = 'SERENGUETI'
	WHERE OPERARIO.`DNI` = '33333333D';
UPDATE OPERARIO SET `Nombre_ParqueNatural_Adscrito` = 'SIERRA LA NUEVA'
	WHERE OPERARIO.`DNI` = '44444444E';
UPDATE OPERARIO SET `Nombre_ParqueNatural_Adscrito` = 'MADRID SALVAJE'
	WHERE OPERARIO.`DNI` = '55555555F';
UPDATE OPERARIO SET `Nombre_ParqueNatural_Adscrito` = 'MACHUPICHU WORLD'
	WHERE OPERARIO.`DNI` = '66666666G';
 UPDATE OPERARIO SET `Nombre_ParqueNatural_Adscrito` = 'SERENGUETI'
	WHERE OPERARIO.`DNI` = '77777777G';
    
-- Introduccion de los datos en la tabla vehiculos

INSERT INTO VEHICULO VALUES ('1111AA', 'CITROEN', 'KANGOO', 5, 'PARQUE NUEVO CAZORLA');
INSERT INTO VEHICULO VALUES ('2222BB', 'RENAULT', 'CARBIN', 10, 'VOLCAN ARENAL-CR');
INSERT INTO VEHICULO VALUES ('4444CC', 'CITROEN', 'RANCHERA', 5, 'YOSEMITE');
INSERT INTO VEHICULO VALUES ('5555DD', 'NEWCAR', 'SAFARI MODEL', 5, 'SERENGUETI');
INSERT INTO VEHICULO VALUES ('6666EE', 'NEWCAR', 'SAFARI MODEL', 5, 'SIERRA LA NUEVA');
INSERT INTO VEHICULO VALUES ('7777FF', 'NEWCAR', 'SAFARI MODEL', 5, 'MADRID SALVAJE');
INSERT INTO VEHICULO VALUES ('8888FF', 'CARFIT', 'NEW SAFCAR', 5, 'MACHUPICHU WORLD');
INSERT INTO VEHICULO VALUES ('9999AA', 'CITROEN', 'KANGOO', 5, 'PARQUE NUEVO CAZORLA');
INSERT INTO VEHICULO VALUES ('2345AB', 'RENAULT', 'CARBIN', 10, 'VOLCAN ARENAL-CR');
INSERT INTO VEHICULO VALUES ('5467CD', 'CITROEN', 'RANCHERA', 5, 'YOSEMITE');

-- Introduccion de datos en la tabla ESPECIE

INSERT INTO SAFARI VALUES ('Rio Nuevo', 4.00, 325, 'Paseo en Jeep por el rio nuevo contemplando las especies de la zona, Parque Cazorla', 'PARQUE NUEVO CAZORLA');
INSERT INTO SAFARI VALUES ('Budas sight', 2.5, 200, 'Visita por templos budistas abandonados en los alrededores del Himalaya contemplando su fauna', 'VOLCAN ARENAL-CR');
INSERT INTO SAFARI VALUES ('NEW STAGE', 2.5, 200, 'Visita por a las afueras de Yosemite incribles vista', 'YOSEMITE');
INSERT INTO SAFARI VALUES ('FAR LANDS', 1.5, 100, 'Visita a las lejanas tierras del serenguetti', 'SERENGUETI');
INSERT INTO SAFARI VALUES ('ULTIMO HOMBRE EN PIE', 1.5, 100, 'Visita a las entrañas de la vida del ultimo hominido conocido', 'SIERRA LA NUEVA');
INSERT INTO SAFARI VALUES ('ANIMALES DEL BOSQUE', 3.5, 200, 'Visita la fauna del bosque machupichu, un lugar Increible', 'MACHUPICHU WORLD');
INSERT INTO SAFARI VALUES ('FAUNA SALVAJE', 1.5, 280, 'Visita para conocer la fauna mas savaje jamas vista', 'SERENGUETI');
INSERT INTO SAFARI VALUES ('IBERIA', 2.5, 80, 'Visita para conocer la fauna mas savaje DEL CENTRO IBERICO', 'MADRID SALVAJE');
INSERT INTO SAFARI VALUES ('FAR AWAY', 1.0, 50, 'NUEVAS VISTAS SERENGUETI', 'SERENGUETI');
INSERT INTO SAFARI VALUES ('SAFARI TANZ', 1.0, 50, 'NUEVAS VISTAS TANZANIA', 'WILD TANZANIA');
INSERT INTO SAFARI VALUES ('TANZ COST TRIP', 1.0, 50, 'NUEVAS VISTAS COSTA TANZANIA', 'COASTS OF TANZANIA');



-- Introduccion de datos en la table ESPECIE

INSERT INTO ESPECIE VALUES ('MAMUT', 288.50, 2.88, 'COMER Y DORMIR', 'CARNIVORO'); 
INSERT INTO ESPECIE VALUES ('LEOPARDO', 356.00, 10.50, 'CAZA NOCTURNA', 'CARNIVORO');
INSERT INTO ESPECIE VALUES ('JIRAFA', 400.00, 15.00, 'DIURNO', 'HERVIVORO');
INSERT INTO ESPECIE VALUES ('LEON', 500.00, 8.50, 'CAZA EN SOLITARIO', 'CARNIVORO');
INSERT INTO ESPECIE VALUES ('RINOCERONTE', 756.00, 18.50, 'VIVE EN MANADA, RESPONSABILIDAD CON EL GRUPO, MUY TERRITORIAL', 'HERVIVORO');
INSERT INTO ESPECIE VALUES ('GACELA', 86.00, 5, 'VIVE EN MANADA', 'HERVIVORO');
INSERT INTO ESPECIE VALUES ('HALCON', 35.00, 3.80, 'CAZA NOCTURNA', 'CARNIVORO');
INSERT INTO ESPECIE VALUES ('OSO', 35.00, 3.80, 'CAZA NOCTURNA', 'CARNIVORO');

-- Introducimos los datos de la tabla CONTEMPLA

INSERT INTO CONTEMPLA VALUES ('FAR LANDS', 'LEOPARDO');
INSERT INTO CONTEMPLA VALUES ('FAR LANDS', 'LEON');
INSERT INTO CONTEMPLA VALUES ('NEW STAGE', 'LEOPARDO');
INSERT INTO CONTEMPLA VALUES ('ULTIMO HOMBRE EN PIE', 'LEOPARDO');
INSERT INTO CONTEMPLA VALUES ('Rio Nuevo', 'LEON');
INSERT INTO CONTEMPLA VALUES ('Budas sight', 'RINOCERONTE');
INSERT INTO CONTEMPLA VALUES ('IBERIA', 'JIRAFA');
INSERT INTO CONTEMPLA VALUES ('IBERIA', 'GACELA');
INSERT INTO CONTEMPLA VALUES ('FAR LANDS', 'HALCON');
INSERT INTO CONTEMPLA VALUES ('Rio Nuevo', 'MAMUT');
INSERT INTO CONTEMPLA VALUES ('FAUNA SALVAJE', 'MAMUT');
INSERT INTO CONTEMPLA VALUES ('FAUNA SALVAJE', 'LEOPARDO');
INSERT INTO CONTEMPLA VALUES ('FAR AWAY', 'OSO');


